"DESCRIPTION","DURATION IN MS","NAME","PARENT SUITE","START TIME","STATUS","STOP TIME","SUB SUITE","SUITE","TEST CLASS","TEST METHOD"
"","36169","User can search non-existing books","","Wed Dec 03 18:34:09 UTC 2025","passed","Wed Dec 03 18:34:46 UTC 2025","","Book Store Search Box Tests","User can search non-existing books",""
"","36079","User can search existing books and see the results","","Wed Dec 03 18:34:09 UTC 2025","passed","Wed Dec 03 18:34:45 UTC 2025","","Book Store Search Box Tests","User can search existing books and see the results",""
"","36495","User can search existing books and see the results","","Wed Dec 03 18:34:09 UTC 2025","passed","Wed Dec 03 18:34:46 UTC 2025","","Book Store Search Box Tests","User can search existing books and see the results",""
"","33292","Brand Search Test","","Wed Dec 03 18:34:09 UTC 2025","passed","Wed Dec 03 18:34:43 UTC 2025","","Brand Endpoint Tests","Brand Search Test",""
"","3594","User can search existing books and see the results","","Tue Sep 17 19:26:08 UTC 2024","unknown","Tue Sep 17 19:26:11 UTC 2024","","Book Store Search Box Tests","User can search existing books and see the results",""
"","33271","Brand Update Test","","Wed Dec 03 18:34:09 UTC 2025","passed","Wed Dec 03 18:34:43 UTC 2025","","Brand Endpoint Tests","Brand Update Test",""
"","19144","User can search non-existing books","","Tue Sep 17 19:26:08 UTC 2024","failed","Tue Sep 17 19:26:27 UTC 2024","","Book Store Search Box Tests","User can search non-existing books",""
"","32747","Brand Create Test","","Wed Dec 03 18:34:09 UTC 2025","passed","Wed Dec 03 18:34:42 UTC 2025","","Brand Endpoint Tests","Brand Create Test",""
"","3266","User can search non-existing books","","Tue Sep 17 19:38:07 UTC 2024","passed","Tue Sep 17 19:38:10 UTC 2024","","Book Store Search Box Tests","User can search non-existing books",""
